true ang,predicted ang
-0.001918550843132955,-0.0014809230304506991
-0.001796471906468447,-0.0013953056464271491
-0.001825640034417506,-0.001537841999860353
-0.002027157628568457,-0.0018232408494644717
-0.002004125529947197,-0.0016589974049727178
-0.001655792948349784,-0.001559684670723776
-0.001956944311118816,-0.0015933997858809726
-0.001538321482713566,-0.0017993358813491167
-0.001293069931157945,-0.001556732924553871
-0.001597426953561619,-0.0015869283440596547
-0.001839487241008941,-0.0019336347973120127
-0.001678038098670033,-0.001765346529454643
-0.001888056726499383,-0.001542420578630218
-0.001721645719204917,-0.0017910478955405287
-0.00172965581533736,-0.0017801611548836122
-0.001627058982950681,-0.00186727964760233
-0.001433921627579272,-0.001676249931094677
-0.001471983720494929,-0.0015822293236891869
-0.00139276153514455,-0.0016841238927707823
-0.00160550062536053,-0.001627757651632421
-0.001396759605023503,-0.0016801846390845435
-0.00139530564642715,-0.0017964719064684485
-0.001593879640159119,-0.0014852340473057461
-0.001665561964844461,-0.0018829039654775117
-0.001557641460667067,-0.0018428893669164565
-0.00166227230684132,-0.001759291721874082
-0.001480923030450698,-0.001918550843132956
-0.001364934049923877,-0.0017200137436181816
-0.001755230401391125,-0.00200521088570171
-0.001695325750594125,-0.0015299371666682264
-0.001855098113510299,-0.001633281300658044
-0.002037503492393562,-0.0018406966959082806
-0.001804490194013359,-0.0018249372653037141
-0.001784630195491037,-0.0017656653987404305
-0.001888324662139298,-0.0018068287851442314
-0.001681760399703216,-0.001665519418785544
-0.002051171296626853,-0.0020255420263817886
-0.001833245024611405,-0.0018230484302622636
-0.002028796589913409,-0.0019892997045369873
-0.001804798621095075,-0.0018708124183312
-0.001971283955204511,-0.001969482491919952
-0.00191581735564016,-0.0019302900370013767
-0.001804063825663211,-0.0018341658677008376
